{
  "clip_id": "hocap__subject_2__20231022_200657__seg00",
  "hand_side": "right",
  "n_frames": 219,
  "mean_tip_error_mm": 11.192786549056986,
  "max_tip_error_mm": 84.07827259638287,
  "per_finger_mean_mm": [
    9.86771596316197,
    11.875906635356808,
    6.8323155242370355,
    11.178160760408506,
    16.20983386212062
  ],
  "mean_all_error_mm": 15.231666206005805,
  "mean_jerk": 0.21621142554259948
}