{
  "clip_id": "hocap__subject_1__20231025_165502__seg00",
  "hand_side": "left",
  "n_frames": 166,
  "mean_tip_error_mm": 10.931882638988206,
  "max_tip_error_mm": 52.28415433597714,
  "per_finger_mean_mm": [
    8.39286776245065,
    10.816416972802545,
    7.141623303883102,
    10.1279968012385,
    18.18050835456624
  ],
  "mean_all_error_mm": 15.656115072666395,
  "mean_jerk": 0.3276503103897222
}