{
  "clip_id": "hocap__subject_2__20231022_200657__seg00",
  "hand_side": "left",
  "n_frames": 219,
  "mean_tip_error_mm": 11.419021457702454,
  "max_tip_error_mm": 40.42532115414645,
  "per_finger_mean_mm": [
    8.968188360084179,
    12.797955636447233,
    9.90857416746841,
    10.429462576037773,
    14.990926548474684
  ],
  "mean_all_error_mm": 15.36271808997496,
  "mean_jerk": 0.36301820991708195
}