{
  "clip_id": "hocap__subject_3__20231024_161306__seg00",
  "hand_side": "left",
  "n_frames": 297,
  "mean_tip_error_mm": 16.65437331200381,
  "max_tip_error_mm": 59.98997628890678,
  "per_finger_mean_mm": [
    10.272826271993337,
    17.897075242663927,
    12.4797973427379,
    16.18405290058585,
    26.438114802038033
  ],
  "mean_all_error_mm": 18.659345635781225,
  "mean_jerk": 0.5291993988984008
}