{
  "clip_id": "hocap__subject_1__20231025_165807__seg03",
  "hand_side": "left",
  "n_frames": 213,
  "mean_tip_error_mm": 12.363736419231197,
  "max_tip_error_mm": 51.24221842827083,
  "per_finger_mean_mm": [
    9.991079534109994,
    13.48090044870482,
    9.665497912754887,
    11.254826707191702,
    17.426377493394586
  ],
  "mean_all_error_mm": 16.070172153228963,
  "mean_jerk": 0.475888546572618
}