{
  "clip_id": "hocap__subject_3__20231024_161306__seg00",
  "hand_side": "right",
  "n_frames": 297,
  "mean_tip_error_mm": 16.77003039936134,
  "max_tip_error_mm": 87.23129381760515,
  "per_finger_mean_mm": [
    13.896208831978875,
    16.63362864624928,
    10.753873971212176,
    17.187828152636584,
    25.378612394729785
  ],
  "mean_all_error_mm": 18.58213205188133,
  "mean_jerk": 0.4490086056229981
}