{
  "clip_id": "hocap__subject_2__20231022_200657__seg00",
  "hand_side": "left",
  "n_frames": 219,
  "mean_tip_error_mm": 17.42851717059246,
  "max_tip_error_mm": 63.66583205142093,
  "per_finger_mean_mm": [
    12.374125734954625,
    23.037502003819963,
    16.370555872844744,
    17.73667295160523,
    17.62372928973775
  ],
  "mean_all_error_mm": 18.87224560707973,
  "mean_jerk": 5.449377434882366
}