{
  "clip_id": "hocap__subject_1__20231025_165502__seg00",
  "hand_side": "left",
  "n_frames": 166,
  "mean_tip_error_mm": 35.63984874993059,
  "max_tip_error_mm": 106.81947121800481,
  "per_finger_mean_mm": [
    33.73537651298371,
    41.97097571520464,
    39.44068944886241,
    31.3763043165766,
    31.6758977560256
  ],
  "mean_all_error_mm": 28.347007436901027,
  "mean_jerk": 19.522664831039318
}