{
  "clip_id": "hocap__subject_3__20231024_161306__seg00",
  "hand_side": "left",
  "n_frames": 297,
  "mean_tip_error_mm": 30.35810930485561,
  "max_tip_error_mm": 172.67062308678774,
  "per_finger_mean_mm": [
    30.92440010949041,
    30.69290668294034,
    24.66507793631003,
    26.558967765061972,
    38.94919403047532
  ],
  "mean_all_error_mm": 23.88067855958797,
  "mean_jerk": 18.431524908004153
}