{
  "clip_id": "hocap__subject_2__20231022_200657__seg00",
  "hand_side": "right",
  "n_frames": 219,
  "mean_tip_error_mm": 160.23056963685008,
  "max_tip_error_mm": 248.49308928264387,
  "per_finger_mean_mm": [
    153.01733390028735,
    164.27742853260273,
    166.0232401452767,
    160.59521095323467,
    157.23963465284896
  ],
  "mean_all_error_mm": 122.66474511202482,
  "mean_jerk": 0.16885725454101258
}