{
  "clip_id": "hocap__subject_3__20231024_161306__seg00",
  "hand_side": "right",
  "n_frames": 297,
  "mean_tip_error_mm": 124.87172927481643,
  "max_tip_error_mm": 242.86019091724665,
  "per_finger_mean_mm": [
    172.2748315448011,
    145.86910343635824,
    99.991826785337,
    89.7438585352764,
    116.4790260723094
  ],
  "mean_all_error_mm": 94.38793580443864,
  "mean_jerk": 17.171198561909215
}