{
  "clip_id": "hocap__subject_1__20231025_165807__seg03",
  "hand_side": "left",
  "n_frames": 213,
  "mean_tip_error_mm": 26.292510822334297,
  "max_tip_error_mm": 84.71292737802494,
  "per_finger_mean_mm": [
    26.07352768109784,
    22.261732267491254,
    23.41520882927381,
    26.159517600709933,
    33.55256773309867
  ],
  "mean_all_error_mm": 22.00304396373399,
  "mean_jerk": 15.277303824999272
}